{
  "HTTP Request-1" : {
    "transaction" : "HTTP Request-1",
    "sampleCount" : 20,
    "errorCount" : 0,
    "errorPct" : 0.0,
    "meanResTime" : 115.0,
    "medianResTime" : 115.0,
    "minResTime" : 102.0,
    "maxResTime" : 197.0,
    "pct1ResTime" : 120.7,
    "pct2ResTime" : 193.19999999999993,
    "pct3ResTime" : 197.0,
    "throughput" : 1.1120378092855157,
    "receivedKBytesPerSec" : 4.237580796497081,
    "sentKBytesPerSec" : 0.7851595079232694
  },
  "Total" : {
    "transaction" : "Total",
    "sampleCount" : 330,
    "errorCount" : 210,
    "errorPct" : 63.636364,
    "meanResTime" : 265.942424242424,
    "medianResTime" : 224.0,
    "minResTime" : 100.0,
    "maxResTime" : 758.0,
    "pct1ResTime" : 453.90000000000003,
    "pct2ResTime" : 467.45,
    "pct3ResTime" : 644.9399999999999,
    "throughput" : 0.07726898621919338,
    "receivedKBytesPerSec" : 0.15827520110424406,
    "sentKBytesPerSec" : 0.037187071581520535
  },
  "HTTP Request-0" : {
    "transaction" : "HTTP Request-0",
    "sampleCount" : 20,
    "errorCount" : 0,
    "errorPct" : 0.0,
    "meanResTime" : 113.69999999999997,
    "medianResTime" : 113.0,
    "minResTime" : 101.0,
    "maxResTime" : 184.0,
    "pct1ResTime" : 120.60000000000001,
    "pct2ResTime" : 180.84999999999997,
    "pct3ResTime" : 184.0,
    "throughput" : 1.1170688114387846,
    "receivedKBytesPerSec" : 1.6014228663985701,
    "sentKBytesPerSec" : 0.7079859947497766
  },
  "HTTP Request" : {
    "transaction" : "HTTP Request",
    "sampleCount" : 290,
    "errorCount" : 210,
    "errorPct" : 72.413795,
    "meanResTime" : 286.85172413793066,
    "medianResTime" : 228.0,
    "minResTime" : 100.0,
    "maxResTime" : 758.0,
    "pct1ResTime" : 456.0,
    "pct2ResTime" : 475.39999999999986,
    "pct3ResTime" : 654.5299999999995,
    "throughput" : 0.06790304849565479,
    "receivedKBytesPerSec" : 0.13371659652945178,
    "sentKBytesPerSec" : 0.03091262502063433
  }
}